,Sample,B.cells,Plasma.Cells,CD8.T,CD4.T,Gamma.delta.T,NK,Monocytes.and.Macrophages,Dendritic,Mast,Eos,PMNs
1,GSM249732,-0.672032438901045,-0.414971772729844,-0.649100755373245,-0.434159852990429,-0.678072795218118,-0.695670277124878,-0.621378703080222,-0.569257283288072,-0.663709244157283,-0.612038739213804,-0.75899464970851
2,GSM249734,-0.574646958031618,-0.433997677316997,-0.588062678654899,-0.399702161177367,-0.678776333975483,-0.628760359459474,-0.557672257549353,-0.539037363163828,-0.684313177652719,-0.567192106407667,-0.672036056618106
3,GSM249735,-0.560851763109795,-0.390877623202041,-0.391227938981961,-0.333976281883776,-0.474777929502574,-0.511770680120753,-0.397586973531863,-0.403084460333851,-0.620885173730425,-0.544333757478384,-0.584866271268242
4,GSM249736,-0.581580610551105,-0.363335087658303,-0.679213332102473,-0.528845509685484,-0.755534472566968,-0.696862814672859,-0.504750701594495,-0.46187225498905,-0.721454902252974,-0.701727087937771,-0.659789607859399
5,GSM249738,-0.553082622282908,-0.30874082539599,-0.685474024698399,-0.527419767233568,-0.667724612600584,-0.774371669738593,-0.645600683631931,-0.600209938900141,-0.716076043301625,-0.678381385936672,-0.711722786915045
6,GSM249739,-0.592184203412143,-0.429407891826897,-0.710013414169146,-0.448933573170284,-0.773069964018969,-0.74841867983981,-0.479695169811929,-0.382861871558314,-0.588036563331381,-0.615916893152724,-0.65914102516234
7,GSM249740,-0.569706634306806,-0.266909975636957,-0.586828472495749,-0.482536921163852,-0.646385068669413,-0.694418838158919,-0.472566978503631,-0.322916151244883,-0.761715908474252,-0.59409284049625,-0.620230415989466
8,GSM249741,-0.627604219536832,-0.501342405395902,-0.605794980518038,-0.455750781892461,-0.662290954394506,-0.71236891852433,-0.540299991355837,-0.423320071806727,-0.669792639777253,-0.663434150217581,-0.654093336955688
9,GSM249742,-0.709756935625521,-0.456454549712561,-0.658243316174702,-0.486556463495187,-0.734369947859223,-0.739829931205432,-0.521851110658068,-0.429114828367412,-0.707788162744671,-0.574479953728153,-0.620596295345567
10,GSM249743,-0.537468411266795,-0.314753192592281,-0.697008618553235,-0.431625687928513,-0.768871589923189,-0.720135315572486,-0.514050710694401,-0.437255662697396,-0.636119809488314,-0.639352655050787,-0.601893703180681
11,GSM249744,-0.621456891424549,-0.398597693736982,-0.699634173636902,-0.538797439911992,-0.734426460051612,-0.793522051513429,-0.622549101320106,-0.540732064871279,-0.831973865866902,-0.709119347504537,-0.72081156129842
12,GSM249745,-0.49071946954972,-0.234802925305502,-0.446810305682438,-0.326799193228641,-0.535403523277793,-0.536741469786526,-0.335571280160346,-0.273145721690001,-0.615338928461833,-0.523582189151857,-0.538448516413484
13,GSM249746,-0.599070773422483,-0.535566527800369,-0.503154670843853,-0.388756929227631,-0.556326000250477,-0.526347574590043,-0.486614445094704,-0.411203024448013,-0.572628799632488,-0.522936568024112,-0.580478602977969
14,GSM249747,-0.453203554217834,-0.315170710696378,-0.34405617090599,-0.306958191095832,-0.36909523656803,-0.420894267086208,-0.183636907204553,-0.108277731890038,-0.58773919101883,-0.442666603030388,-0.449998726022224
15,GSM249748,-0.503790356068578,-0.301961343801726,-0.482706070113628,-0.357756284269448,-0.535992606955396,-0.559299450381714,-0.294774566984367,-0.231578900085018,-0.607741482700662,-0.503391929290195,-0.517117439965932
16,GSM249749,-0.504652238816414,-0.392375530252088,-0.434200988787856,-0.388353074971882,-0.470987753728173,-0.480702920264557,-0.238688806458408,-0.125460530262746,-0.627713734105539,-0.534390408796288,-0.476708814955067
17,GSM249750,-0.452737055170921,-0.353995922609524,-0.214374160376646,-0.222469170952712,-0.258056380008329,-0.285544048723699,-0.145790624525842,-0.0856787525096957,-0.550539964777505,-0.462524242068615,-0.423412543915846
18,GSM249751,-0.452983943951291,-0.268286812886561,-0.223467226958963,-0.278217481622689,-0.356164419548364,-0.358515159761165,-0.207114058779054,-0.0919299530683827,-0.53865052239313,-0.50240340880293,-0.527223858451836
19,GSM249752,-0.651786683009737,-0.423823041551939,-0.631092895544564,-0.52828865438967,-0.742894883406197,-0.701539637090469,-0.558855655213105,-0.503374073389288,-0.755818489952344,-0.710671960081027,-0.618000838262802
20,GSM249754,-0.576184446959867,-0.389838189358405,-0.664545259612411,-0.515810253434509,-0.69033441713819,-0.776188738758754,-0.517110591560396,-0.460714409493881,-0.715181257784722,-0.577048379907883,-0.625719989849318
21,GSM249755,-0.613307643763314,-0.448939047256925,-0.660474847262451,-0.486222639525351,-0.744943662767941,-0.695451159561636,-0.568800017060688,-0.503088916580107,-0.697004515035683,-0.524972355057472,-0.623212909801073
22,GSM249756,-0.564284183318465,-0.294676177745199,-0.451382938819411,-0.370499064593911,-0.489631694111996,-0.512520835345142,-0.382115800146538,-0.31942287949204,-0.635290612427808,-0.513929906585516,-0.502513444757264
23,GSM249758,-0.447786574258442,-0.266061901672587,-0.289807699418601,-0.316532392554851,-0.329668618067731,-0.383033759927542,-0.276055974554811,-0.163458314130779,-0.705550286189317,-0.430503868228228,-0.463063917515416
24,GSM249759,-0.40399693885998,-0.00288737078878638,-0.305247062513505,-0.306462142663022,-0.371327823472372,-0.417803872263703,-0.225789059081896,-0.221673549895488,-0.501862126346519,-0.417143969621148,-0.373042100825843
25,GSM249760,-0.615205715107279,-0.393834445760253,-0.599672555465841,-0.426043634742455,-0.64511974121649,-0.71068824654934,-0.341174255397537,-0.186589877944174,-0.489146098600868,-0.405490254018173,-0.408644117595988
26,GSM249762,-0.346471996150627,-0.151500268913911,0.0290061426999238,-0.127183537279082,0.000327170108400671,-0.157174202892794,-0.0709251574693047,-0.0316692100847997,-0.465830795527135,-0.344094366421565,-0.281191287092331
27,GSM249763,-0.515779625488011,-0.27800383073049,-0.346839141302692,-0.361299922796932,-0.360521205543122,-0.413466507599103,-0.313823884333466,-0.201173843003107,-0.629264986968171,-0.50443084898797,-0.528998468801125
28,GSM249764,-0.546474646430136,-0.292651559560863,-0.299650370689465,-0.28849331990485,-0.332407733009226,-0.420801739071991,-0.165339668221305,-0.0618054379090372,-0.581131204630715,-0.422252242743477,-0.436892268101466
29,GSM249765,-0.447363109952282,-0.247010013677301,-0.560432693278655,-0.378802408321673,-0.594421579709854,-0.593331176880293,-0.315865213219583,-0.286598025902111,-0.585899961974057,-0.53407916154934,-0.562340283075505
30,GSM249766,-0.560250758719452,-0.393465037496812,-0.671603618712482,-0.462198372337579,-0.710288551476132,-0.646610511567784,-0.364493827159463,-0.335907602002387,-0.585662202490933,-0.626367123334507,-0.612690304822282
31,GSM249767,-0.57638420177138,-0.331356281410236,-0.563849787217287,-0.432817803949777,-0.633553499084351,-0.632485173367637,-0.338590111835607,-0.28515240055283,-0.678366823880394,-0.580725455298835,-0.564407487781759
32,GSM249768,-0.594595667255837,-0.374932730750519,-0.551426641743401,-0.424385455481676,-0.582001388295413,-0.63043423050425,-0.509333875463627,-0.411730425043209,-0.534677282867781,-0.517136230999313,-0.552018452069251
33,GSM249769,-0.511912680801498,-0.283587862654939,-0.6840555955414,-0.475850607245574,-0.687759010288006,-0.75944439872915,-0.669141505071563,-0.574002870833219,-0.791203041361202,-0.648441259049752,-0.749535886599507
34,GSM249770,-0.559560884981039,-0.336667119945215,-0.624813867522358,-0.380289309580408,-0.622671395127741,-0.669660390394664,-0.524553596274708,-0.556704502824431,-0.66441608091967,-0.525838919476401,-0.524178481017261
35,GSM249771,-0.513780445774918,-0.213705777093194,-0.280708889254896,-0.276445380884956,-0.344360405468413,-0.387584732511506,-0.294738354872464,-0.232133775044576,-0.580117493469861,-0.469086733928032,-0.465647563677291
36,GSM249773,-0.542007428382734,-0.385383433414224,-0.679236116041659,-0.481025673627882,-0.72374118237693,-0.682019657500872,-0.439170477644826,-0.363201844041494,-0.597607767480252,-0.439060581473195,-0.389080931684844
37,GSM249774,-0.579025862138618,-0.254789684002902,-0.631529976574915,-0.471169197715858,-0.612697316921934,-0.709923433848161,-0.455568630898318,-0.369708862453446,-0.64408932735787,-0.622975643724241,-0.64854547393935
38,GSM249775,-0.641251448787154,-0.453099856314307,-0.576630799724782,-0.460898126166093,-0.61137047116938,-0.64815426795951,-0.432119685573842,-0.440085786601394,-0.680740402076875,-0.547630696339658,-0.505779881915059
39,GSM249776,-0.602865495748823,-0.426779218015612,-0.703500961192068,-0.473155759174636,-0.679277296925925,-0.759100893325225,-0.587197309794016,-0.505550800258193,-0.74829156683456,-0.572140026986696,-0.653322621110029
40,GSM249777,-0.591713144341419,-0.447427028864153,-0.685616979756777,-0.459208180692935,-0.705707280890983,-0.748155580734881,-0.563318241027859,-0.415393886024546,-0.79750321364522,-0.576821371677753,-0.674864634199627
41,GSM249778,-0.438353756091472,-0.271098967154174,-0.452819339916502,-0.36475585303733,-0.499869606630932,-0.57758823394211,-0.509629232088262,-0.37746219990047,-0.600473087099343,-0.57868736082263,-0.633328261737167
42,GSM249780,-0.572173772561749,-0.367280373196232,-0.511096425932279,-0.381699739486356,-0.574472584740033,-0.587560896354946,-0.259298496221196,-0.228603626459531,-0.548446358832845,-0.416036562030888,-0.31886348668445
43,GSM249781,-0.600190937259672,-0.447668795343937,-0.607106332259556,-0.432194726637969,-0.652740365726895,-0.711615484153675,-0.46183886244511,-0.33089148459324,-0.628672031129827,-0.594467549568703,-0.62240244437835
44,GSM249782,-0.412815073470658,-0.166210750052233,-0.30627516549404,-0.29468166869766,-0.349781372001371,-0.439970483394725,-0.208285218299918,-0.15128528020067,-0.548843086265475,-0.393443144908912,-0.41238803733304
45,GSM249783,-0.617715650678492,-0.370251256415766,-0.593019761478184,-0.472909664202754,-0.64780316087512,-0.660277399816496,-0.613230531952533,-0.499946194610045,-0.746346798939157,-0.699934035322841,-0.671897642220776
46,GSM249784,-0.64910761608353,-0.49635226522631,-0.668730124607387,-0.503175605098638,-0.704676846534283,-0.665237397073794,-0.38977796375477,-0.330164946258285,-0.632246210363392,-0.500607503124988,-0.528043515116685
47,GSM249785,-0.481025989857344,-0.384167390434235,-0.691303536177035,-0.468120748200067,-0.710155829740215,-0.824258145894035,-0.620933338775611,-0.397613711013278,-0.550468331721128,-0.562158450278023,-0.777368118596525
48,GSM249786,-0.577203158655632,-0.442036019222692,-0.707846545271468,-0.495090393974661,-0.711552246364734,-0.736166242608295,-0.597439995448538,-0.531841065012146,-0.646117628163145,-0.636813624312079,-0.614830675604112
49,GSM249788,-0.540097719026265,-0.245264962010774,-0.483035594528632,-0.407454035556349,-0.496777815036439,-0.557622449734483,-0.36672456321295,-0.356795434125615,-0.539387739337728,-0.537284478631396,-0.533210854290707
50,GSM249789,-0.571711649821806,-0.288419041998909,-0.694459527987262,-0.435586403444078,-0.653006303659763,-0.757975034229224,-0.586119450968837,-0.463021327009972,-0.651793168656205,-0.563129152264764,-0.712578883257992
51,GSM249791,-0.585355489471167,-0.370795293507335,-0.635644526010081,-0.432186979071295,-0.655131197551158,-0.710194123549423,-0.456012732357985,-0.391730046622829,-0.609338631521055,-0.551499210727139,-0.420293264593185
52,GSM249793,-0.584483899568605,-0.510242876738244,-0.556321703597949,-0.465376704653474,-0.60600729356029,-0.607938803376358,-0.251589343436315,-0.228475145306181,-0.490872128400523,-0.597693380331219,-0.430052223147927
53,GSM249794,-0.584474052581321,-0.352119503156478,-0.663433678926772,-0.430394971641798,-0.676062489061563,-0.748944599697173,-0.471215364783751,-0.419530996858353,-0.661576241976742,-0.531269542024502,-0.599250768713444
54,GSM249795,-0.50104916438034,-0.239872650971568,-0.284435474079502,-0.309462962646009,-0.309026053011457,-0.319471652893673,-0.253946721001526,-0.212479946623793,-0.467857303585265,-0.466043763990757,-0.451167087525471
55,GSM249796,-0.632947602276609,-0.446917687167192,-0.650135715182073,-0.446900763332554,-0.660008198915265,-0.705236127244689,-0.563141550263348,-0.447575775276604,-0.674894436809315,-0.573503012673406,-0.607869474571155
56,GSM249797,-0.539667356270511,-0.32394744710181,-0.593959485892928,-0.459528092968644,-0.624885165978085,-0.639547881601215,-0.41683627087152,-0.345492436340675,-0.612183879847607,-0.593181410377073,-0.534211058026069
57,GSM249798,-0.525967559737544,-0.406000590121579,-0.663832028673286,-0.468294304863005,-0.713712915638593,-0.724881537273205,-0.51610791294426,-0.439644051992001,-0.755792544225935,-0.558703101952478,-0.624266096223543
58,GSM249799,-0.501002897107011,-0.455940784399383,-0.677678938751294,-0.464239369372771,-0.673081163371765,-0.732183199948611,-0.619581038343035,-0.530102484034489,-0.781123888970415,-0.620939188349894,-0.64023943782959
59,GSM249800,-0.476875960978936,-0.110314558455092,-0.353465717702934,-0.326069695590334,-0.36004960845196,-0.471236815468428,-0.303456130841075,-0.180003053085335,-0.678545679404641,-0.379778946535892,-0.519965357039935
60,GSM249801,-0.533702058091406,-0.355036656123232,-0.461138626878972,-0.425219642321962,-0.500362034255266,-0.591201577796954,-0.406038842321512,-0.310765539570491,-0.576663012049002,-0.458665565310238,-0.465130880549851
61,GSM249802,-0.563850304597265,-0.490147973824588,-0.641610803308936,-0.511040537221869,-0.616549654174836,-0.611034546845538,-0.452697240622247,-0.369230545789653,-0.635797634266117,-0.543448955845813,-0.473756897549438
62,GSM249803,-0.619597008396762,-0.361737973045351,-0.551159390594934,-0.422911422559179,-0.593610297674685,-0.631814668789946,-0.410322211697686,-0.350656216754039,-0.614057087696076,-0.531215385887655,-0.578981709080793
63,GSM249804,-0.539697344297797,-0.41608020155284,-0.672193515013326,-0.444472717439678,-0.621342974246958,-0.712882528713811,-0.527076678432117,-0.438004663239263,-0.558760852369357,-0.480315832633312,-0.548754697887417
64,GSM249805,-0.520090553066796,-0.256083833172054,-0.585935427284829,-0.435579493041135,-0.592508626751598,-0.635447025481606,-0.319289992500534,-0.23166705628936,-0.607462116959988,-0.417343989640991,-0.407868002911559
65,GSM249806,-0.52745307476068,-0.390793976570279,-0.445774904958782,-0.338497771053329,-0.532040610293616,-0.582945460518944,-0.344301492616796,-0.265298345203476,-0.584903524450339,-0.392291211160891,-0.429484050797124
66,GSM249807,-0.439222852857675,-0.265366107456753,-0.418486814629166,-0.321292788452081,-0.420105144235786,-0.480594981438417,-0.229673836746128,-0.200622141863859,-0.568529923586932,-0.490556786688005,-0.45790088507068
67,GSM249808,-0.414487604050021,-0.141575858572326,-0.462522621061703,-0.3540098052989,-0.445649162015065,-0.481705216447143,-0.302132207914069,-0.204626764247262,-0.496269593644132,-0.495515509517238,-0.577218602139883
68,GSM249809,-0.516486348114666,-0.318050700975224,-0.590460058368928,-0.427525135612068,-0.621365283163548,-0.637602501723775,-0.367689854879652,-0.304172897171686,-0.553127000440164,-0.533613386593286,-0.518810970954799
69,GSM249810,-0.600116329566086,-0.458576679088384,-0.531411199701613,-0.420144728510707,-0.528411385674731,-0.622458148519683,-0.383575880369033,-0.333224601374023,-0.544883915493648,-0.483125308467859,-0.518956886734661
70,GSM249811,-0.565863964418768,-0.372186853373384,-0.49877596254682,-0.399428698549891,-0.539182912599416,-0.596555716100881,-0.336134273459127,-0.238765665762639,-0.561351459852857,-0.475652220063293,-0.457191726441933
71,GSM249812,-0.569970636347786,-0.436012257786298,-0.674682365995793,-0.464621805984103,-0.702349835830186,-0.758671266651518,-0.714947439232287,-0.569012909401757,-0.812658399613688,-0.579126818829922,-0.709616211876121
72,GSM249813,-0.487640466353126,-0.39789364984082,-0.260593555961589,-0.27028407850659,-0.27737958675467,-0.362261121940246,-0.0565848168289326,-0.03344517129872,-0.500959304653217,-0.409686340390582,-0.279354397579483
73,GSM249814,-0.340016543306627,-0.312861425776865,-0.122041391401752,-0.199086142754376,-0.141569790711532,-0.256638788072086,-0.107776396862423,-0.07747637802467,-0.530605629359628,-0.358857128064133,-0.37756462910056
74,GSM249815,-0.501350709060645,-0.353031083874155,-0.384710104820508,-0.321767268136483,-0.44377718189269,-0.488736530045786,-0.265345248058517,-0.165736103794341,-0.609356117011347,-0.434034009724352,-0.473282120671298
75,GSM249816,-0.549511827497568,-0.292099561730453,-0.648306533654729,-0.498643003967154,-0.663966779677215,-0.753988062083852,-0.482107344402895,-0.412876177035167,-0.607305856142965,-0.494903336292286,-0.580610838736921
76,GSM249817,-0.607825197514523,-0.423420005150071,-0.51659421704631,-0.444156765060506,-0.586093378769471,-0.582899637383679,-0.410055718649497,-0.36820254272196,-0.636302316931889,-0.547234433438237,-0.485702772380859
77,GSM249818,-0.476219683311517,-0.261199013178013,-0.489312094247022,-0.411152363060345,-0.50162373026019,-0.590218445176673,-0.333578953524783,-0.225572083635375,-0.694678962767144,-0.46555625494241,-0.523995072147357
78,GSM249819,-0.57993011334183,-0.374669736142667,-0.6372484022461,-0.422543817096417,-0.651568523687541,-0.743940979078691,-0.515645657061831,-0.441265698969716,-0.706398377916463,-0.596121833493419,-0.659276946210061
79,GSM249820,-0.480233000784152,-0.367805135028033,-0.477139530143085,-0.397046745294002,-0.476341999260586,-0.55157822906014,-0.264381293764804,-0.194324445451038,-0.55815084687227,-0.425548248241727,-0.391386119957344
80,GSM249821,-0.503562341613676,-0.306516993818637,-0.385476355791113,-0.350194984371872,-0.42462932195695,-0.51131350616513,-0.321469525973477,-0.275261692159555,-0.565563534360898,-0.42131999335881,-0.425811065552067
81,GSM249822,-0.581427209213519,-0.412838118702938,-0.519393224099726,-0.376774918695759,-0.556209245287444,-0.646698774626204,-0.399841977998848,-0.373082829764822,-0.618227642596224,-0.540756154770308,-0.46738513661183
82,GSM249823,-0.079289273093412,-0.0344369937000085,-0.0639966625865461,-0.135623864392253,-0.139225569350945,-0.207413754625539,0.144144451833441,0.10220650174569,-0.380166679076649,-0.184358509600013,-0.114276513061333
83,GSM249824,-0.609957074548737,-0.418350822962037,-0.737097961034472,-0.480140306093775,-0.652439673783625,-0.752515198030176,-0.590349478372802,-0.512934482345295,-0.708032939166819,-0.496378710738578,-0.62837867194512
84,GSM249825,-0.460859318569167,-0.249214946187919,-0.46287753289513,-0.366967813150901,-0.475964177037578,-0.562314526307884,-0.265018021427279,-0.157694073270939,-0.641584123726623,-0.424838630498622,-0.465545620600494
85,GSM249826,-0.626889109285965,-0.40247654150774,-0.670869547028953,-0.416323472309112,-0.677552929564996,-0.681600932306731,-0.510073441649912,-0.491821402231624,-0.71695589057793,-0.58000648129582,-0.53667209414724
86,GSM249827,-0.602382284584743,-0.366269862162475,-0.700368780723794,-0.499108446902711,-0.734106131570534,-0.761325219167508,-0.557834471668486,-0.50075966329027,-0.771498188686476,-0.56657231266751,-0.645138551387301
87,GSM249828,-0.526437162943806,-0.383326325921902,-0.506992369168002,-0.390864818937834,-0.606207764653681,-0.613120970001524,-0.460329403295675,-0.341691379158453,-0.588249099172972,-0.554703730029075,-0.529696479121834
88,GSM249829,-0.51619573405454,-0.406170568816837,-0.366495236777189,-0.288275344163497,-0.458173277261218,-0.500352077434868,-0.288373168630797,-0.207527365102552,-0.636777922105836,-0.489543363593224,-0.470902632461444
89,GSM249830,-0.583883292047999,-0.334898419551125,-0.57661777802551,-0.454076683093425,-0.546734734728129,-0.636324866380492,-0.5123308975319,-0.388259991415841,-0.628225156936097,-0.544041498583373,-0.704182381703092
90,GSM249831,-0.507055204950688,-0.258062390012036,-0.430121953777928,-0.367077973665286,-0.470912752485159,-0.478887087114089,-0.247023629103599,-0.174441124085345,-0.540089699314412,-0.475778674225298,-0.518518799498137
91,GSM249832,-0.553537861618135,-0.442272814810684,-0.623413558755146,-0.400903331985927,-0.673813206020993,-0.644303585959134,-0.459317735280958,-0.455965961591414,-0.635339937066887,-0.533690525428013,-0.575632082332324
92,GSM249833,-0.497661013842156,-0.341161564299076,-0.46491637342532,-0.408016744029806,-0.520325341385567,-0.570723057717503,-0.376908593880741,-0.352699004445447,-0.649250586692486,-0.502446086541715,-0.489948664899611
93,GSM249834,-0.489877629195615,-0.259451030978377,-0.514001245523382,-0.446246322281864,-0.552364989353659,-0.608919896317517,-0.480829076680492,-0.367778411225735,-0.678854395512071,-0.54461500280663,-0.593459783323404
94,GSM249835,-0.417209388341237,-0.24520419506273,-0.405618739777042,-0.35358960095623,-0.484255626806666,-0.517184033345973,-0.263358410338411,-0.179975899249348,-0.541082366201705,-0.422657293291133,-0.416094848167925
95,GSM249836,-0.58566252718189,-0.371764866420966,-0.475603887263652,-0.402536536502646,-0.513813341565859,-0.518336804172134,-0.195200736078242,-0.0963653845463454,-0.459030618828514,-0.419108647698028,-0.361449023396882
96,GSM249837,-0.656100930239768,-0.407269704880833,-0.590207071695457,-0.482789548675734,-0.654180450312549,-0.692963520179483,-0.473891301607474,-0.354387210419145,-0.613286651784349,-0.618940690087809,-0.608405005738326
97,GSM249838,-0.60412887845833,-0.425173371284097,-0.419738088441418,-0.364290040331149,-0.493207958776254,-0.558716552841133,-0.394789449277591,-0.356702844424114,-0.614144103423222,-0.508417025419403,-0.568445606914976
98,GSM249839,-0.626679753557252,-0.394554296549146,-0.752688261702305,-0.506622512714214,-0.783276106560111,-0.797901908634606,-0.615618548823606,-0.510164442065794,-0.704002456351685,-0.601664941677796,-0.735002422961347
99,GSM249840,-0.189027238393023,-0.132751865887261,0.0175625231753908,-0.100678247139519,-0.0405303498977179,-0.186613901291349,-0.156600076353671,-0.124728033625708,-0.526844980917508,-0.31895333288502,-0.405529043573046
100,GSM249841,-0.616302096664634,-0.464295050322121,-0.709392203674995,-0.473406004208397,-0.699350613770904,-0.730680613110513,-0.527948067521539,-0.486056317058235,-0.667226357650471,-0.650609307318392,-0.605714949860962
101,GSM249842,-0.260346369151184,0.0337698658273016,-0.083885798888531,-0.181419958501353,-0.147839061794955,-0.27446069922006,-0.0959860038567615,-0.0653250287331075,-0.599744438073324,-0.331014796417674,-0.323278188711031
102,GSM249843,-0.23698936520929,-0.0948977264710931,-0.196655482247712,-0.183345601350156,-0.27791032281847,-0.374429132239303,-0.12614165666788,-0.120713758702828,-0.466411279032764,-0.248483005450053,-0.227514967544767
103,GSM249844,-0.596580327398929,-0.385094431536691,-0.535998948872969,-0.430516709137417,-0.526251704124734,-0.58993193351314,-0.416244717302826,-0.429869523513322,-0.707588740507684,-0.594124321775608,-0.517167171053088
104,GSM249845,-0.516510511911527,-0.287751893510951,-0.621367929513289,-0.462502603944954,-0.675717462880036,-0.67272104701623,-0.409638074519298,-0.318078883379766,-0.635633339894977,-0.528975877101145,-0.552648680949784
105,GSM249846,-0.423746797692072,-0.333552607966991,-0.0678846158462329,-0.197478078390439,-0.156342168999245,-0.226051792320372,-0.149616685942869,-0.117965912676585,-0.45255331995454,-0.36388293495523,-0.338668547869292
106,GSM249847,-0.563067807136734,-0.303962754905693,-0.608326615300872,-0.35225630374437,-0.663893264701053,-0.585081107363841,-0.477423297475451,-0.441596230814189,-0.660562222214672,-0.607313476470263,-0.485481076001995
107,GSM249848,-0.478152983584593,-0.268703415451386,-0.275616133540868,-0.295641653438146,-0.339490191224957,-0.357662063758379,-0.159905020850944,-0.0890054823469285,-0.522496535359622,-0.455159048776154,-0.399274062688764
108,GSM249849,-0.528787419956925,-0.334432247416441,-0.466107304697349,-0.386991802259819,-0.490733267199476,-0.546591176256668,-0.366581919521794,-0.268848017407702,-0.682205891296061,-0.529574757940469,-0.581397096583321
109,GSM249850,-0.583505500265366,-0.4260455231401,-0.67113310014656,-0.432841591272293,-0.685987157333005,-0.774049004916357,-0.588537225220447,-0.481577130058032,-0.700755068253734,-0.674704054029408,-0.723116383293989
110,GSM249851,-0.589502158939177,-0.474688379325042,-0.635245070691014,-0.498768982606168,-0.678463303668721,-0.680373109740705,-0.580197775749491,-0.464560191835084,-0.703375714133278,-0.56332398917972,-0.69273158985002
111,GSM249852,-0.389971657358188,-0.204597245558964,-0.120929938962363,-0.198970288469678,-0.114009777649477,-0.225201558851729,-0.0879091119223671,-0.030888290625264,-0.540453203435434,-0.397225890001887,-0.342987141657281
112,GSM249854,-0.419172689602093,-0.290818542876679,-0.332363279754361,-0.302948492264476,-0.37940067850487,-0.433962733189943,-0.193948500337789,-0.192719222934663,-0.453859091752942,-0.361927309326659,-0.375180623223344
113,GSM249855,-0.506514233110608,-0.329333807133684,-0.661489669560987,-0.534665169505735,-0.688844951818827,-0.762411802188657,-0.721693026048034,-0.512988995352533,-0.660749281829829,-0.611106300114498,-0.753650203920657
114,GSM249857,-0.586853091700417,-0.371668585992759,-0.755345049130941,-0.502158940763617,-0.788916900437749,-0.784103802621074,-0.583845457029131,-0.451250729812287,-0.770007591710777,-0.608919379251547,-0.745397256551083
115,GSM249858,-0.543873019772752,-0.467973232547944,-0.444155112347299,-0.395572308462609,-0.489465672520062,-0.511619106457826,-0.289989907959482,-0.212328539732428,-0.531665612218828,-0.463299274728349,-0.417547123466727
116,GSM249859,-0.58398618299298,-0.33547848640457,-0.576796741012264,-0.401412899447618,-0.596424386274609,-0.632224922387667,-0.421983591117599,-0.291784516708336,-0.663871875495605,-0.492255756682936,-0.487686353896065
117,GSM249860,-0.490640818696901,-0.323661980184891,-0.257872230897081,-0.302244368277644,-0.279193608905485,-0.316872497120632,-0.0763237517651397,0.00294909580327647,-0.469883789352926,-0.392304788412022,-0.301310905768163
118,GSM249861,-0.623552281751006,-0.438414225591625,-0.612700782515859,-0.409962249300532,-0.685709577861124,-0.685725166183558,-0.559391624910487,-0.488144845875093,-0.591071517194031,-0.584970849308445,-0.632284870566178
119,GSM249862,-0.540258850025649,-0.375612150478312,-0.370954731640854,-0.328968193913902,-0.379541367217236,-0.455613289658768,-0.25720111825083,-0.212797640334491,-0.581893084500577,-0.4470148074731,-0.457706114294646
120,GSM249863,-0.534892796192811,-0.30145298623262,-0.407965691181189,-0.362493127585136,-0.478758744604323,-0.526504372507337,-0.376663479746534,-0.267979103212735,-0.523177333149971,-0.407714829100981,-0.522601363350679
121,GSM249864,-0.489954731971721,-0.338673826823526,-0.656353180921075,-0.523171301054151,-0.671747744740508,-0.741725159310238,-0.651098328224402,-0.483971082152777,-0.855855548166559,-0.604039983147322,-0.605968971741508
122,GSM249865,-0.449643975453832,-0.330639129804273,-0.324826026412723,-0.300516270662778,-0.358531521689922,-0.39335935742813,-0.203807846869222,-0.109996329691589,-0.561462055565482,-0.388424114071783,-0.408569344002672
123,GSM249866,-0.583590520694206,-0.441011682229021,-0.614702199501278,-0.461408888814226,-0.680773655685873,-0.689476829437282,-0.515085946235372,-0.432484057178198,-0.706463383121076,-0.514545724683643,-0.518839736938825
124,GSM249867,-0.483786877109161,-0.290312820831581,-0.351317673407881,-0.295692427917814,-0.428203102478255,-0.451405882900655,-0.172812416600575,-0.0847127312986005,-0.463131046737568,-0.395233875740969,-0.329454313455308
125,GSM249871,-0.413902095405104,-0.165552742325074,-0.379858898150991,-0.307815817769771,-0.448290458438593,-0.467696878803685,-0.306984212843968,-0.235522719053137,-0.60374061059387,-0.461076208464094,-0.504531210800783
126,GSM249872,-0.48007062812852,-0.212467777252652,-0.472355713611887,-0.352805894478172,-0.519769491502314,-0.562319472760119,-0.397533547389336,-0.369333828353938,-0.607056705745897,-0.467035546004112,-0.474523762326441
127,GSM249873,-0.480248555959781,-0.379134086739193,-0.368443119037009,-0.357812824528399,-0.435131326929463,-0.430963173847911,-0.228021714603394,-0.122825521525436,-0.620762088626043,-0.462499954694174,-0.43383594772441
128,GSM249874,-0.500968043665603,-0.509651420226494,-0.165673114571606,-0.245097989762879,-0.171572951716488,-0.287098887627672,-0.101409581725775,-0.0563454225102011,-0.490581990250507,-0.429392948240288,-0.306389699906236
129,GSM249875,-0.627799514440393,-0.431378304280383,-0.637370420168715,-0.477449653451184,-0.688714388867968,-0.768792839723953,-0.555936305208759,-0.479055305640175,-0.678600984028141,-0.569495917030987,-0.606413764151352
130,GSM249876,-0.480787350662645,-0.414579733525765,-0.215846682998974,-0.302386591625344,-0.267825215302895,-0.359940612368985,-0.232428550009523,-0.158665686408526,-0.476311932731645,-0.389867505555864,-0.369308413310245
131,GSM249877,-0.253400726823317,0.0964340361073463,-0.308930085442685,-0.299561264796092,-0.32245090873182,-0.39205159872893,-0.226468393076362,-0.191364550156718,-0.508347023017802,-0.376393863269705,-0.434965290096667
132,GSM249878,-0.586478265243748,-0.501702292647951,-0.586544485569713,-0.47187121442883,-0.593706769766213,-0.653762791851567,-0.387809095931356,-0.332157798704044,-0.554218213284532,-0.477662778834733,-0.509949442141611
133,GSM249879,-0.586429569135215,-0.499181706153615,-0.513709049664887,-0.447584376604453,-0.547145680493318,-0.596337207214587,-0.327960031933756,-0.244804165522377,-0.5876806188985,-0.460581046858642,-0.475428185687325
134,GSM249880,-0.551175796212627,-0.323697101559626,-0.620494247464267,-0.416860207452912,-0.601441194787413,-0.564072078922736,-0.354432304806645,-0.269721410047052,-0.624478153255376,-0.444601702048729,-0.543142188746874
135,GSM249881,-0.534994541391882,-0.426930424909635,-0.696965222445283,-0.450897976022352,-0.72137527016628,-0.7286306790154,-0.619756058385444,-0.504505585078749,-0.783143063876124,-0.571077491172239,-0.62222755046065
136,GSM249883,-0.551555136354024,-0.252804146445775,-0.587028595342314,-0.48043260506258,-0.585649481828539,-0.659839249945001,-0.448935956595709,-0.37475264284806,-0.708080107087345,-0.624696832889486,-0.592573160013373
137,GSM249884,-0.494763944740217,-0.377186778284361,-0.350322969565191,-0.31810937260943,-0.416205598041109,-0.393813127418093,-0.340588622026967,-0.271946313855116,-0.626071869758559,-0.512053094081969,-0.572753867408441
138,GSM249885,-0.54717430332951,-0.365717826476222,-0.483527901069141,-0.404809223485511,-0.496558834759285,-0.570855197838009,-0.154038677949492,-0.0936734527401717,-0.544168068505444,-0.425622705792353,-0.352011757669559
139,GSM249886,-0.63548199719288,-0.52130422477082,-0.717990163003536,-0.497886755106998,-0.727930180693912,-0.737022775642686,-0.58943869174854,-0.503198053733465,-0.695269846683913,-0.628184365134578,-0.647121855983622
140,GSM249887,-0.409095592319759,-0.237591901714601,-0.331718910524592,-0.314307320973494,-0.387115138970444,-0.470578795523073,-0.272365569166445,-0.23733816656659,-0.546292943155881,-0.457340935600475,-0.422846988330397
141,GSM249888,-0.504483937393528,-0.439247386175714,-0.260675609200555,-0.283917098433764,-0.293965508017466,-0.399180467359591,-0.192340533308199,-0.12712575533675,-0.502430867531781,-0.459825079671305,-0.453176770240245
142,GSM249889,-0.422714031204284,-0.242517153243088,-0.239996560475217,-0.260751024798098,-0.303213900942533,-0.347394964672465,-0.310143351017757,-0.279333657258394,-0.589404146051301,-0.490167696417057,-0.549963998670565
143,GSM249890,-0.551135520051602,-0.383265110661859,-0.416721651691835,-0.348526809669566,-0.432271973440488,-0.498851533579386,-0.167383683627239,-0.106093451201341,-0.584931249232011,-0.474184183210507,-0.406797576238918
144,GSM249891,-0.457393060243416,-0.277174103740477,-0.393406778007764,-0.332033117333627,-0.433430810875923,-0.504123514490505,-0.350981739407904,-0.26629777808264,-0.615496760474552,-0.524416000940976,-0.480250846784125
145,GSM249893,-0.466515658772778,-0.289157175031125,-0.194681102040462,-0.260646093467188,-0.240642102415775,-0.333801825181893,-0.185430120620447,-0.0872620461855978,-0.691092968413962,-0.378166140135899,-0.432037683255001
146,GSM249894,-0.576323493864326,-0.387903717868298,-0.608941170229771,-0.463960312895258,-0.665815252099301,-0.653166466170836,-0.557464860770321,-0.430354478213025,-0.74798027337632,-0.621716240156586,-0.661306703531115
147,GSM249895,-0.598516442248979,-0.400632800864623,-0.601526890516499,-0.47332850837535,-0.658838630846614,-0.68304292393438,-0.362218924228675,-0.315934069150026,-0.578662978144777,-0.472868339369061,-0.439380887448896
148,GSM249896,-0.584471044215973,-0.296868869142746,-0.559355386482546,-0.443560942043444,-0.592102970422533,-0.633389815099867,-0.437601452275343,-0.346617115252529,-0.615165115061955,-0.489133692529444,-0.5411169318288
149,GSM249897,-0.570515796622687,-0.452153942490062,-0.569744249689655,-0.455660832113553,-0.526353178575405,-0.610305817567294,-0.343446772512496,-0.328944758351927,-0.56533672667933,-0.438404416634488,-0.446063288675074
150,GSM249898,-0.625917829779111,-0.474926599601204,-0.717696786857902,-0.502539142149316,-0.759641988054836,-0.805189938344058,-0.690888568726984,-0.561014672987554,-0.820902254363772,-0.716618232216003,-0.725245781821225
151,GSM249899,-0.58090576470644,-0.460777438491218,-0.620592803682713,-0.476888795962457,-0.597096445603526,-0.652050937744229,-0.425390032460159,-0.331815990279427,-0.634899135982185,-0.564153406154448,-0.562446639114003
152,GSM249900,-0.52969107019164,-0.243680753959965,-0.42049891297527,-0.332885765917215,-0.421388453872821,-0.493023178276428,-0.37017865995521,-0.24305868328193,-0.722489315503363,-0.476343498769468,-0.607378266101451
153,GSM249902,-0.495142559410082,-0.310692380972413,-0.640770325702612,-0.453989290615366,-0.68029614265139,-0.731618474497349,-0.660287212150488,-0.536117197273447,-0.814075944353971,-0.577435202108437,-0.742460596420695
154,GSM249903,-0.533264580211785,-0.275763293922915,-0.525393683967742,-0.431379537148318,-0.586585563622382,-0.624764632866386,-0.340012993476109,-0.239838887898467,-0.63043017278794,-0.537984397444634,-0.564385090787422
155,GSM249904,-0.549829335388863,-0.384683029309699,-0.541713089498042,-0.447897107544566,-0.604941077553822,-0.618075410100245,-0.347472633141146,-0.273295576696351,-0.662975436984253,-0.587245547694981,-0.592847938230265
156,GSM249905,-0.592038354298139,-0.460722375483754,-0.57609625543004,-0.411613275196645,-0.556757113160739,-0.654795091198722,-0.432979335557014,-0.369558776240919,-0.617975577698276,-0.64303764085814,-0.644207797006846
157,GSM249906,-0.398806972375754,-0.297440302649738,-0.232623356525994,-0.267073916663193,-0.309344990663265,-0.407342699039341,-0.434436145030847,-0.33077152788848,-0.589145490458087,-0.42720018592273,-0.536453926516828
158,GSM249907,-0.601403531412356,-0.327335608875442,-0.613125413307073,-0.486393980293176,-0.643367673753081,-0.63658749125585,-0.344916373851714,-0.21913472546889,-0.58097946340745,-0.522212562096565,-0.558765623447495
159,GSM249909,-0.593527508025914,-0.301662093138936,-0.600062704559001,-0.455977625536044,-0.627739343537479,-0.680629414370739,-0.51235461298273,-0.437548863745977,-0.622990871403307,-0.604948062173645,-0.611607411831723
160,GSM249911,-0.587362324066805,-0.430254848428392,-0.51102505178993,-0.414004483254296,-0.561750458235579,-0.592370369155769,-0.272553394729254,-0.176058858928526,-0.583067476317389,-0.513629674672256,-0.501505647089844
161,GSM249912,-0.555527223026405,-0.335182184234018,-0.541725950084557,-0.414852428297065,-0.602965809276108,-0.599953516250488,-0.431153069887105,-0.336062574479114,-0.612761533266134,-0.589546425108219,-0.582625500560207
162,GSM249913,-0.491764487405745,-0.269454102867319,-0.531640901048313,-0.46211953177319,-0.474734586400486,-0.664245252247811,-0.401383252558197,-0.271404831805005,-0.697022470816175,-0.497470011461519,-0.501351113764508
163,GSM249914,-0.543931150845501,-0.289727488045054,-0.405131033073639,-0.364651180791484,-0.458154603717292,-0.511515675501192,-0.433301682391331,-0.319008824215288,-0.612849826754752,-0.531829605456301,-0.544713824297464
164,GSM249915,-0.567944658535412,-0.367546228723813,-0.487607296867593,-0.380010326292313,-0.540780352849827,-0.560834820116949,-0.341392402080854,-0.307851740925058,-0.537890155004854,-0.474255156377914,-0.538659261895464
165,GSM249916,-0.571724192026502,-0.370623816873591,-0.697301221474929,-0.526230764124051,-0.736638021193753,-0.781042779766124,-0.673028998848258,-0.500048839380175,-0.8175414418768,-0.660614455617509,-0.798328939059755
166,GSM249917,-0.514349402077146,-0.364512221682977,-0.458826455064902,-0.387167026510135,-0.493070353303943,-0.545035110618591,-0.217692725638447,-0.141149752066311,-0.610150342822044,-0.482350167115883,-0.451808871010053
167,GSM249918,-0.690704218310786,-0.489638416592661,-0.705372213907738,-0.47397077903173,-0.746836696662235,-0.78134231267166,-0.588813315409057,-0.57782880613523,-0.795402202415697,-0.776497625643829,-0.664545917600002
168,GSM249919,-0.591978389075423,-0.455349828044393,-0.54364479677328,-0.408184433381894,-0.570512555977835,-0.645682371145404,-0.42792082989644,-0.396302818579436,-0.666821436393701,-0.570390656506412,-0.551986068542129
169,GSM249920,-0.593049550584093,-0.321194257867683,-0.703327309424155,-0.502872791612791,-0.709259943054231,-0.735363547403164,-0.574559790520612,-0.439247863431249,-0.694914601056352,-0.632104008091425,-0.681822100277287
170,GSM249921,-0.50781053798108,-0.444850004635822,-0.658632140954763,-0.472849959850168,-0.595863492563399,-0.696516086334907,-0.45082829394592,-0.382655112347087,-0.623039839875598,-0.481574224176755,-0.447534483340593
171,GSM249922,-0.641985315226877,-0.473992054362179,-0.66686229170197,-0.48082853362165,-0.71615610367445,-0.679486725323876,-0.55500965118714,-0.407871679837253,-0.656172265940405,-0.490485463502337,-0.611710947120369
172,GSM249923,-0.542306359336074,-0.307670891342792,-0.680816403014816,-0.508225144140937,-0.676332256137242,-0.709478009188187,-0.442550016210055,-0.335726650806963,-0.607870515848586,-0.49508903627911,-0.499077939308069
173,GSM249924,-0.499246614519039,-0.335067877741252,-0.548069033992237,-0.411238726777,-0.563751785960608,-0.611168330155728,-0.451052500757779,-0.40024532799914,-0.675010766621123,-0.53784284857769,-0.486839439645687
174,GSM249925,-0.490421029232622,-0.314259238741086,-0.402985418478181,-0.35087505133782,-0.444679519919333,-0.553650242669168,-0.388390146329646,-0.291399255914207,-0.640302693821349,-0.475893930975609,-0.525726317147409
175,GSM249926,-0.435823543887046,-0.285875235580553,-0.383669565190348,-0.301733572850832,-0.402217982272709,-0.438375963987438,-0.145578404756194,-0.100833215033779,-0.530467795426569,-0.471746626725029,-0.442377036663448
176,GSM249927,-0.564280748469286,-0.414188829676184,-0.550469115596162,-0.410721535994016,-0.577473291713808,-0.576947489581354,-0.210042123310382,-0.187998547798444,-0.554365125657226,-0.443808861933733,-0.276367512860163
177,GSM249928,-0.573124827448296,-0.379735619050969,-0.739390807465682,-0.542288364656904,-0.757019923255692,-0.766214712881137,-0.682644406609056,-0.601471713000502,-0.770444559991565,-0.682147758468363,-0.763984088135602
178,GSM249929,-0.555227490588243,-0.374785798268602,-0.613961681494085,-0.445641457794487,-0.666434452540201,-0.678647369646423,-0.568477919482867,-0.437616425870035,-0.71653986246562,-0.627012031743817,-0.640908941438103
179,GSM249930,-0.481777566030754,-0.253591172892111,-0.543773698089639,-0.429194315700355,-0.583835485615475,-0.653184685503128,-0.490732471593538,-0.396016616482999,-0.764562152852429,-0.614159805942855,-0.657554949227919
180,GSM249931,-0.605215357534605,-0.342462542805209,-0.480857131061759,-0.356807187894784,-0.55039528189083,-0.581165234804557,-0.471754596210135,-0.414535084393468,-0.579622726861598,-0.407895747647402,-0.555375232992088
181,GSM249932,-0.618453892517554,-0.396982029416006,-0.732721772553729,-0.515685916462371,-0.764541397761504,-0.74351221433592,-0.543946862083369,-0.512607526563635,-0.633618354661927,-0.606546602272992,-0.636653025865218
182,GSM249933,-0.421027432877978,-0.202529448627649,-0.248506758842618,-0.254362250151761,-0.295899545166035,-0.366916758226598,-0.174035823127005,-0.105258003424185,-0.510084161711155,-0.318367133325719,-0.401043520004312
183,GSM249934,-0.569584087815331,-0.398374687688473,-0.648805266378738,-0.43305965969747,-0.688454691444075,-0.665348515762131,-0.449469025428768,-0.351488704790564,-0.687561918052738,-0.599285813089328,-0.633392295560588
184,GSM249935,-0.570070538309293,-0.248359506336594,-0.641900375414316,-0.485315574917914,-0.692124220555287,-0.666311573096861,-0.453192978506085,-0.355500543437952,-0.686724220579749,-0.543415372569114,-0.614590360754368
185,GSM249936,-0.560081541241944,-0.285558616278319,-0.528620492082892,-0.398935186400683,-0.540540013272641,-0.627157695348294,-0.420549078156992,-0.300327998358791,-0.631070918865811,-0.522529138184324,-0.601181259631245
186,GSM249937,-0.653871482073881,-0.396733397334828,-0.67021567864787,-0.5008213343258,-0.720323089835292,-0.740550221439482,-0.7148268495003,-0.594576795937914,-0.844479363495047,-0.644596546672333,-0.772278003212949
187,GSM249938,-0.410266848846543,-0.188657180186459,-0.238397521211256,-0.287392788218765,-0.238375232668474,-0.329907796447909,-0.13712906528563,-0.115783937305099,-0.503501868808793,-0.375953516925464,-0.288809305647033
188,GSM249939,-0.506668595608147,-0.363336281798979,-0.590552569364079,-0.395196934638234,-0.64926100172992,-0.661734515105858,-0.466503503946871,-0.393504643894485,-0.58841578754382,-0.509751854650736,-0.524770081097628
189,GSM249940,-0.531900200853839,-0.331438510005322,-0.740097338835258,-0.514904440452257,-0.801658567287648,-0.702574823322338,-0.586292794997515,-0.436920737361394,-0.843995604196751,-0.643006849524049,-0.757904778012932
190,GSM249941,-0.613611707482002,-0.407580354922176,-0.748930927221451,-0.527978095830658,-0.709762395599496,-0.791980357752077,-0.680342945908178,-0.560386700146729,-0.674281100768383,-0.558329906068523,-0.751676611154613
191,GSM249942,-0.626620977904748,-0.491144917480501,-0.704373339990909,-0.46444194800351,-0.733869831314261,-0.834290278027079,-0.695636834877486,-0.542555986028523,-0.784093572582335,-0.568760357520673,-0.696310305085077
192,GSM249943,-0.613661900637068,-0.407937960036387,-0.487652134845308,-0.43746107330384,-0.51217000125447,-0.558866738081844,-0.443447863309233,-0.386072600793131,-0.602275504358077,-0.57486767077294,-0.572517019677143
193,GSM249944,-0.565194300926536,-0.36385308311939,-0.516868865355312,-0.41785571105507,-0.521627633776518,-0.584327423421512,-0.439785660659759,-0.393129588382013,-0.672634654805485,-0.466912154945215,-0.472841783243799
194,GSM249945,-0.461819179831068,-0.3202870034122,-0.343061217032281,-0.361544739105708,-0.29054723262004,-0.408248900122486,-0.176198744283413,-0.111231346275684,-0.468986617018483,-0.347955394451348,-0.335645237907635
195,GSM249947,-0.518956177041504,-0.33882276275655,-0.35736484755015,-0.29465208509821,-0.410902648541831,-0.499861544241032,-0.30244669156216,-0.272561158129307,-0.555801087414468,-0.50945845147385,-0.526488135038907
196,GSM249949,-0.50653208633834,-0.398476889551385,-0.179923879813108,-0.283531916013019,-0.15328834168719,-0.29154258343735,-0.173279658945178,-0.15479047059528,-0.534956140713136,-0.450363386707786,-0.356555259020634
197,GSM249950,-0.498464758077855,-0.274652169458709,-0.488512626002484,-0.389667826979039,-0.524891700274761,-0.554848036849451,-0.285644265924402,-0.182505116783946,-0.561216278058404,-0.429704561013286,-0.4786683223537
198,GSM249951,-0.584940262841588,-0.416530421309907,-0.578655802860704,-0.404643657523853,-0.658860198566576,-0.713270271783248,-0.411048677362003,-0.352458724403515,-0.648123890324435,-0.525494633914544,-0.523479790970002
199,GSM249953,-0.572693139325117,-0.350159485326376,-0.691364355078081,-0.484408997433573,-0.694987637238732,-0.739889105361195,-0.638870121389701,-0.507550579078695,-0.831436994924733,-0.601053012397522,-0.679351142706424
200,GSM249954,-0.513294736778071,-0.462576987391586,-0.658552707574759,-0.485128920895845,-0.69312305750451,-0.707142307710097,-0.377376914476666,-0.243842909342173,-0.56509972760118,-0.556414169718549,-0.523293973886524
201,GSM249955,-0.611295337752548,-0.271482222047175,-0.603398385196118,-0.436849058902018,-0.609977763089941,-0.677688590618806,-0.457407842732488,-0.409604420759827,-0.651433453171262,-0.581093088038047,-0.488134005899289
202,GSM249956,-0.605349827729189,-0.428920794951544,-0.477791226761671,-0.388761368570856,-0.482483651275987,-0.495758340486338,-0.345162959726869,-0.254167252651179,-0.560484314201275,-0.448379312204376,-0.404065329072272
203,GSM249957,-0.671099377627809,-0.455887842705619,-0.569891653388818,-0.473687730327201,-0.612386374359491,-0.581177587729408,-0.378364755731106,-0.28686742351242,-0.591867628221153,-0.590235679944867,-0.582031859368006
204,GSM249958,-0.535557821639946,-0.375897796611498,-0.520371441768302,-0.408660566903559,-0.499244445695513,-0.560733599513456,-0.22500783064357,-0.174770147168033,-0.612750738334728,-0.506697942162477,-0.473328055570665
205,GSM249959,-0.624118421440094,-0.456081565963982,-0.644503477702821,-0.514513272596367,-0.653203946651175,-0.686543614512376,-0.558521612890255,-0.510720942407254,-0.82195144323296,-0.619659279153276,-0.653760680712961
206,GSM249960,-0.497459862872436,-0.111567951673895,-0.349263299750887,-0.331781324246774,-0.309907754387855,-0.439424054379907,-0.23934658784969,-0.146433652327823,-0.544502783426321,-0.428933394536329,-0.38023948176746
207,GSM249961,-0.571730767048447,-0.333372751182164,-0.537374540680301,-0.356352145224252,-0.602843662615473,-0.614380436315086,-0.432737984694043,-0.379233641120392,-0.615762557989305,-0.552988421564829,-0.556862874675776
208,GSM249962,-0.405992330823311,-0.364856561716302,-0.404213783062724,-0.32186296299866,-0.436798569502043,-0.457875811449667,-0.169962061506723,-0.0987013760548046,-0.614682904968002,-0.524265323588687,-0.471151355547409
209,GSM249963,-0.0728909037630455,-0.157161397897439,-0.0482888206979395,-0.135948739444841,-0.106261069331464,-0.237394839667198,-0.166127364110375,-0.10675266072404,-0.558150603744583,-0.37053554368747,-0.401066108933852
210,GSM249964,-0.338356612790525,-0.255565639619642,-0.0668884956083047,-0.196348801679161,-0.0922649638762272,-0.196974217615758,-0.00355077624331444,0.0474561480446749,-0.445198145128216,-0.308602382285378,-0.303701064742901
211,GSM249965,-0.518322220455479,-0.266141699407872,-0.187507212721675,-0.269546912091108,-0.271318620234648,-0.338604193891134,-0.251305237434785,-0.179718574020855,-0.59814204984058,-0.49919414012697,-0.524780325728815
212,GSM249967,-0.595729148440916,-0.29331314359967,-0.655658936399145,-0.530296798288925,-0.699441105310626,-0.732568647876254,-0.390601595608777,-0.335860008397651,-0.588273341187248,-0.52092976096266,-0.526771221412145
213,GSM249968,-0.473089505585699,-0.364401168351032,-0.564070195788846,-0.447912904685338,-0.58627766685123,-0.596620011873413,-0.282408639530203,-0.217092903227833,-0.63853015067408,-0.544876999104078,-0.539098243363196
214,GSM249969,-0.602753590822184,-0.380773198727093,-0.657526493533753,-0.42053205741704,-0.687309098498242,-0.69796033077798,-0.593359544651786,-0.547116744410172,-0.759332062714037,-0.657026401927806,-0.674405696602008
215,GSM249970,-0.563032751458391,-0.428833850884493,-0.545188091467615,-0.469857002501143,-0.607455214073184,-0.634925920079757,-0.468321077296725,-0.368847138572813,-0.742274589012458,-0.608085795766132,-0.630263683117141
216,GSM249971,-0.537004231630412,-0.435284354216004,-0.694398049196092,-0.464074604194003,-0.707064569760584,-0.683899481520302,-0.530246163216563,-0.477116910175251,-0.736343382101456,-0.524187000784725,-0.553817951883197
217,GSM249972,-0.558587501196831,-0.346190861507125,-0.7148497998591,-0.510450899194182,-0.799347053179984,-0.763493275412766,-0.677611269883054,-0.588711436275778,-0.692892615830642,-0.692878676789336,-0.71645223461623
218,GSM249973,-0.46386734858899,-0.215396908319055,-0.463736681625756,-0.365001302508269,-0.550258756906218,-0.534828137401149,-0.327703078194647,-0.318244327837069,-0.60454882489936,-0.546955363257427,-0.468145064901614
219,GSM249975,-0.590919030846701,-0.335553890446828,-0.530407950911725,-0.439205186953196,-0.554605786406442,-0.594988258168668,-0.422063848624795,-0.342627939013166,-0.691679623160068,-0.568423822475256,-0.597913274792773
220,GSM249976,-0.594597736090434,-0.410192973643269,-0.708801219002067,-0.495187481707066,-0.735265320147674,-0.717235513453117,-0.502322740704506,-0.451398621361606,-0.655389396219871,-0.629345827300433,-0.541408913224797
221,GSM249979,-0.591772439646528,-0.350429514219626,-0.608815131837117,-0.468878059769713,-0.638673654608735,-0.697758744883488,-0.413487773064365,-0.330189537462106,-0.6579524161049,-0.474094401347198,-0.552932716909161
222,GSM249980,-0.629728357629058,-0.402370151763987,-0.648063289849715,-0.46442922965508,-0.710168781719331,-0.768522845593002,-0.692561994027791,-0.566953692380875,-0.693448454472937,-0.603376294664116,-0.670505855951686
223,GSM249981,-0.577910947471232,-0.440088569348274,-0.596452762255806,-0.484959625374973,-0.638359710804383,-0.689319506736417,-0.43710903309597,-0.297683804057982,-0.704900981674817,-0.529061409842929,-0.564774831060004
224,GSM249982,-0.511994028149267,-0.308187293439828,-0.596289210216233,-0.425777643666537,-0.605187038320539,-0.626975844634071,-0.325877100706031,-0.249059311635455,-0.563919698636378,-0.483621952761847,-0.468289391650545
225,GSM249983,-0.558429960902734,-0.438018915831434,-0.633543582080358,-0.477548071448685,-0.69364771592645,-0.714637770854151,-0.548518656924589,-0.493359539547878,-0.652996253530411,-0.607188025013953,-0.528896925118278
226,GSM249984,-0.46119716449671,-0.193964534086312,-0.477229672548679,-0.349195287052163,-0.48403486078849,-0.57341449983353,-0.381706648777156,-0.36293739779329,-0.640496295546079,-0.535560636051064,-0.507948688832731
227,GSM249986,-0.553808822873672,-0.466143744516598,-0.672262103668649,-0.454081996886864,-0.668350683548772,-0.653643748895359,-0.482272613199313,-0.363649932628221,-0.711181244959484,-0.584889478855137,-0.633391480307606
228,GSM249987,-0.647104359556966,-0.408495089810812,-0.77897500223736,-0.497501756529601,-0.823636875596987,-0.791723391601522,-0.647967985604774,-0.562245924938796,-0.680393912493419,-0.599105865279078,-0.736868189549244
229,GSM249988,-0.564816365254441,-0.427288778406268,-0.655533234995485,-0.467270629119201,-0.6934711185316,-0.698567164938242,-0.425216336522798,-0.342595381319979,-0.710102940306497,-0.520970231001036,-0.577295604684741
230,GSM249989,-0.55723557397595,-0.490434608469805,-0.468136723977595,-0.376788125104885,-0.508833127296519,-0.562317895002934,-0.405698370757442,-0.285037291230535,-0.603419329161789,-0.491038093533092,-0.51173311949757
231,GSM249990,-0.593042869910013,-0.315484206559368,-0.657208326232448,-0.522021264909315,-0.707488402297604,-0.693747831881037,-0.464898983031343,-0.424724244199082,-0.682995460101582,-0.584617614673947,-0.507781259076258
232,GSM249991,-0.540222781023992,-0.33153692085937,-0.601820341458182,-0.436313547186525,-0.627320371169119,-0.773990813082376,-0.588696623966052,-0.459430710894591,-0.767284941505934,-0.686996239635138,-0.682911319132673
233,GSM249992,-0.573220966810569,-0.40872168536523,-0.492019293317891,-0.385604425143442,-0.560572309145402,-0.606814836037962,-0.325185494384906,-0.25608648355716,-0.544423978144753,-0.445671410936422,-0.339851499097293
234,GSM249993,-0.522503752388514,-0.367081183868233,-0.403751040736338,-0.339623245787056,-0.446204925221789,-0.449050104120137,-0.254623960425734,-0.211220091411512,-0.59958724795464,-0.462660826583968,-0.436353145916023
235,GSM249994,-0.448670873983063,-0.422823610233605,-0.308776608236802,-0.29725861788,-0.34108931246739,-0.331613957256098,-0.228270652851959,-0.206498445842409,-0.578325343691643,-0.498505900277455,-0.415010741979109
236,GSM249996,-0.580503874446861,-0.464742006532975,-0.621698818959554,-0.442946423313192,-0.669448106637661,-0.691813426792791,-0.549259628117514,-0.465876729336916,-0.776321534468306,-0.586349990796502,-0.616674724316267
237,GSM249997,-0.596501465924408,-0.383621891662433,-0.471242169695175,-0.392703046555466,-0.553435247198824,-0.576230668313788,-0.387270988779433,-0.319523444068085,-0.613012327945893,-0.533548160264937,-0.476291826589759
238,GSM249998,-0.604756654023598,-0.472537860386272,-0.625074243113362,-0.451955667865629,-0.628880735048888,-0.68731331994221,-0.569621268831533,-0.56414404373145,-0.717548031942857,-0.601740740591628,-0.524071283377942
239,GSM249999,-0.577872129869108,-0.369089833787974,-0.717654023886098,-0.426357490122937,-0.753089367548332,-0.757071941666792,-0.642694617350108,-0.535209685666553,-0.825541639205978,-0.591238771262698,-0.726135235126721
240,GSM250000,-0.521540650049063,-0.379990882510503,-0.340577286721139,-0.385244779196874,-0.331156949458981,-0.474951593709751,-0.345583640225127,-0.265345680929628,-0.550195756145637,-0.454430731950934,-0.515815708668537
241,GSM250001,-0.567329401119792,-0.321847749434946,-0.477525346408803,-0.36803290909222,-0.490240522613474,-0.51689582994641,-0.288573956146692,-0.202732896991829,-0.62661436204617,-0.484354836205665,-0.498158235334013
