"","x"
"1","X4025"
"2","X4028"
"3","X4029"
"4","X4030"
"5","X4031"
"6","X4032"
"7","X4042"
"8","X4043"
"9","X4044"
"10","X4046"
"11","X4047"
"12","X4048"
"13","X4049"
"14","X4051"
"15","X4052"
"16","X4053"
"17","X4054"
"18","X4055"
"19","X4056"
"20","X4057"
"21","X4059"
"22","X4063"
"23","X4065"
"24","X4067"
"25","X4069"
"26","X4072"
"27","X4073"
"28","X4074"
"29","X4075"
"30","X4076"
"31","X4077"
"32","X4078"
"33","X4079"
"34","X4080"
"35","X4081"
"36","X4082"
"37","X4083"
"38","X4084"
"39","X4085"
"40","X4086"
"41","X4087"
"42","X4088"
"43","X4089"
"44","X4090"
"45","X4091"
"46","X4092"
"47","X4093"
"48","X4094"
"49","X4095"
"50","X4096"
"51","X4097"
"52","X4098"
"53","X4099"
"54","X4100"
"55","X4101"
"56","X4102"
"57","X4103"
"58","X4104"
"59","X4105"
"60","X4106"
"61","X4107"
"62","X4108"
"63","X4109"
"64","X4110"
"65","X4111"
"66","X4112"
"67","X4113"
"68","X4114"
"69","X4115"
"70","X4116"
"71","X4117"
"72","X4118"
"73","X4119"
"74","X4120"
"75","X4122"
"76","X4123"
"77","X4124"
"78","X4125"
"79","X4126"
"80","X4127"
"81","X4128"
"82","X4129"
"83","X4132"
"84","X4133"
"85","X4134"
"86","X4135"
"87","X4137"
"88","X4138"
"89","X4139"
"90","X4140"
"91","X4141"
"92","X4142"
"93","X4143"
"94","X4144"
"95","X4145"
"96","X4146"
"97","X4147"
"98","X4149"
"99","X4150"
"100","X4151"
"101","X4152"
"102","X4153"
"103","X4154"
"104","X4155"
"105","X4156"
"106","X4157"
"107","X4158"
"108","X4159"
"109","X4161"
"110","X4162"
"111","X4163"
"112","X4164"
"113","X4165"
"114","X4166"
"115","X4167"
"116","X4168"
"117","X4169"
"118","X4170"
"119","X4171"
"120","X4172"
"121","X4173"
"122","X4174"
"123","X4175"
"124","X4176"
"125","X4177"
"126","X4178"
"127","X4179"
"128","X4180"
"129","X4181"
"130","X4184"
"131","X4185"
"132","X4186"
"133","X4187"
"134","X4189"
"135","X4190"
"136","X4191"
"137","X4192"
"138","X4193"
"139","X4194"
"140","X4195"
"141","X4196"
"142","X4197"
"143","X4198"
"144","X4199"
"145","X4200"
"146","X4201"
"147","X4202"
"148","X4203"
"149","X4204"
"150","X4205"
"151","X4206"
"152","X4208"
"153","X4209"
"154","X4213"
"155","X4214"
"156","X4215"
"157","X4216"
"158","X4218"
"159","X4219"
"160","X4220"
"161","X4225"
"162","X4226"
"163","X4227"
"164","X4228"
"165","X4229"
"166","X4230"
"167","X4236"
"168","X4237"
"169","X4238"
"170","X4239"
"171","X4240"
"172","X4241"
"173","X4243"
"174","X4274"
"175","X1133902531"
"176","X1133902556"
"177","X1133902693"
"178","X1133902744"
"179","X1133902804"
"180","X1133902607"
"181","X1133902579"
"182","X1133902987"
"183","X1133902696"
"184","X1133902976"
"185","X1133902587"
"186","X1133902731"
"187","X1133902507"
"188","X1133902773"
"189","X1133902735"
"190","X1133902551"
"191","X1133902671"
"192","X1133902647"
"193","X1133902711"
"194","X1133902651"
"195","X1133903011"
"196","X1133902683"
"197","X1133902836"
"198","X1133902699"
"199","X1133902676"
"200","X1133902707"
"201","X1133902999"
"202","X1133902611"
"203","X1133902595"
"204","X1133902575"
"205","X1133902563"
"206","X1133902843"
"207","X1133902963"
"208","X1133903015"
"209","X1133902827"
"210","X1133902900"
"211","X1133902928"
"212","X1133902808"
"213","X1133902903"
"214","X1133903031"
"215","X1133902635"
"216","X1133902567"
"217","X1133902907"
"218","X1133902831"
"219","X1133903007"
"220","X1133902615"
"221","X1133902723"
"222","X1133902967"
"223","X1133902840"
"224","X1133903027"
"225","X1133902779"
"226","X1133902727"
"227","X1133902623"
"228","X1133902655"
"229","X1133902503"
"230","X1133902819"
"231","X1133902939"
"232","X1133902824"
"233","X1133903200"
"234","X1133903235"
"235","X1133903295"
"236","X1133903327"
"237","X1133903167"
"238","X1133903079"
"239","X1133903303"
"240","X1133903363"
"241","X1133903245"
"242","X1133903391"
"243","X1133903359"
"244","X1133903355"
"245","X1133903192"
"246","X1133903495"
"247","X1133903203"
"248","X1133903063"
"249","X1133903240"
"250","X1133903299"
"251","X1133903324"
"252","X1133903468"
"253","X1133903147"
"254","X1133903267"
"255","X1133903083"
"256","X1133903388"
"257","X1133903499"
"258","X1133903315"
"259","X1133903072"
"260","X1133903215"
"261","X1133903068"
"262","X1133903308"
"263","X1133903447"
"264","X1133903451"
"265","X1133903176"
"266","X1133903319"
"267","X1133903479"
"268","X1133903459"
"269","X1133903183"
"270","X1133903251"
"271","X1133903416"
"272","X1133903179"
"273","X1133903211"
"274","X1133903376"
"275","X1133903483"
"276","X1133903284"
"277","X1133903383"
"278","X1133903291"
"279","X1133903312"
"280","X1133903419"
"281","X1133903339"
"282","X1133903487"
"283","X1133903403"
"284","X1133903288"
"285","X1133903087"
"286","X1133903113"
"287","X1133903463"
"288","X1133903455"
"289","X1133903091"
"290","X1133903159"
"291","X1133903259"
"292","X1133903429"
"293","X1133903332"
"294","X1133903151"
"295","X1133903219"
"296","X1133903411"
"297","X1133902411"
"298","X1133903591"
"299","X1133903711"
"300","X1133903632"
"301","X1133902423"
"302","X1133903647"
"303","X1133902475"
"304","X1133902439"
"305","X1133902459"
"306","X1133902487"
"307","X1133903503"
"308","X1133903539"
"309","X1133903567"
"310","X1133903573"
"311","X1133903577"
"312","X1133903583"
"313","X1133902444"
"314","X1133902471"
"315","X1133902483"
"316","X1133902491"
"317","X1133902500"
"318","X1133903512"
"319","X1133903677"
"320","X1133903516"
"321","X1133903533"
"322","X1133903543"
"323","X1133903615"
"324","X1133903596"
"325","X1133903599"
"326","X1133903655"
"327","X1133903659"
"328","X1133903720"
"329","X1133903668"
"330","X1133903272.re."
"331","X1133903664"
"332","X1133903640"
"333","X1133903691"
"334","X1133903619"
"335","X1325402484"
"336","X1325402466"
"337","X1325402486"
"338","X1133903696"
"339","X1325402472"
"340","X1325402474"
"341","X1325402492"
"342","X1325402463"
"343","X1325402503"
"344","X1325402481"
"345","X1325402456"
"346","X1325402495"
"347","X1325402498"
"348","X1325402489"
"349","X1325402460"
"350","X1325402467"
"351","X1325402485"
"352","X1325402490"
"353","X1325402504"
"354","X1325402469"
"355","X1325402455"
"356","X1325402459"
"357","X1325402475"
"358","X1325402473"
"359","X1325402476"
"360","X1325402511"
"361","X1325402499"
"362","X1325402507"
"363","X1325402502"
"364","X1325402508"
"365","X1325402491"
"366","X1325402493"
"367","X1325402483"
"368","X1325402501"
"369","X1325402510"
"370","X1325402500"
"371","X1325402468"
"372","X1325402479"
"373","X1325402494"
"374","X1325402457"
"375","X1325402488"
"376","X1325402470"
"377","X1325402461"
